<ipojo xmlns:xsi="http://www.w3.org/2001/XMLSchema-instance"
	xsi:schemaLocation="org.apache.felix.ipojo
             http://felix.apache.org/ipojo/schemas/CURRENT/core.xsd"
	xmlns="org.apache.felix.ipojo">

	<component name="BookshelfServletImpl"
		classname="com.packtpub.felix.bookshelf.servlet.BookshelfServletImpl"
		immediate="true">

		<provides>
      <property name="alias" field="alias" />
		</provides>

		<requires field="service" />
		<requires field="logger" />
	</component>

	<instance name="bookshelf.servlet" component="BookshelfServletImpl">
		<property name="alias" value="/bookshelf" />
	</instance>
</ipojo>